{"('low_signal', 14, 11)": {"increase_power": -2.462519785798518, "decrease_power": -1.1185101379598663, "increase_sf": -1.085770064529139, "decrease_sf": -1.640213885453193}, "('low_signal', 15, 11)": {"increase_power": -0.7065972222222223, "decrease_power": -2.524759580425533, "increase_sf": -0.7650711628169742, "decrease_sf": -0.7194288389513108}, "('low_signal', 13, 11)": {"increase_power": -0.4618997175141244, "decrease_power": -0.5164517669531996, "increase_sf": -0.9748283323994824, "decrease_sf": -0.5082336523125998}, "('low_signal', 14, 12)": {"increase_power": -1.10054230534584, "decrease_power": -0.6133750579508577, "increase_sf": -0.6082228116710877, "decrease_sf": -2.2409041699573615}, "('low_signal', 15, 12)": {"increase_power": -1.397410791189861, "decrease_power": -1.356425934525999, "increase_sf": -0.6909216909216909, "decrease_sf": -1.3357269638595373}, "('medium_signal', 15, 12)": {"increase_power": -0.6618377483443709, "decrease_power": 0, "increase_sf": 0, "decrease_sf": 0}, "('low_signal', 14, 10)": {"increase_power": -1.152656807998739, "decrease_power": -1.1401855468750002, "increase_sf": -1.2317722780558493, "decrease_sf": -1.6097406045024663}, "('low_signal', 14, 9)": {"increase_power": -0.566010498687664, "decrease_power": -1.6720411193278948, "increase_sf": -1.2006752394119515, "decrease_sf": 0}, "('low_signal', 15, 9)": {"increase_power": -1.3089405879136917, "decrease_power": -0.672633744855967, "increase_sf": -0.7083333333333335, "decrease_sf": -0.7085949764521193}, "('low_signal', 13, 9)": {"increase_power": -0.9614390981531985, "decrease_power": -0.5086201950659782, "increase_sf": -0.943488167376351, "decrease_sf": -0.5101571268237935}, "('low_signal', 13, 10)": {"increase_power": -0.9981021288151666, "decrease_power": -0.5082341269841271, "increase_sf": -0.5165704665704667, "decrease_sf": -0.49663461538461534}, "('low_signal', 15, 10)": {"increase_power": -0.7198452647278151, "decrease_power": -1.4476132224838518, "increase_sf": -0.7845013223830735, "decrease_sf": -0.7080031695721077}, "('low_signal', 12, 9)": {"increase_power": -0.4110969387755102, "decrease_power": 0, "increase_sf": 0, "decrease_sf": 0}, "('low_signal', 13, 8)": {"increase_power": -0.5086106489184693, "decrease_power": -0.5069486404833837, "increase_sf": -0.553222997708473, "decrease_sf": 0}, "('low_signal', 14, 8)": {"increase_power": -0.6068894389438945, "decrease_power": -0.6078887195121951, "increase_sf": 0, "decrease_sf": 0}, "('low_signal', 15, 8)": {"increase_power": -0.70898033126294, "decrease_power": -0.7091666666666667, "increase_sf": -0.7056144643828168, "decrease_sf": 0}, "('low_signal', 12, 8)": {"increase_power": -0.4074587706146927, "decrease_power": 0, "increase_sf": 0, "decrease_sf": 0}, "('low_signal', 12, 11)": {"increase_power": -0.4160976766239924, "decrease_power": -0.4092658029053789, "increase_sf": -0.40784770784770785, "decrease_sf": 0}, "('low_signal', 13, 12)": {"increase_power": -1.4351991648242355, "decrease_power": -0.5113945578231293, "increase_sf": -0.5098454301075269, "decrease_sf": -0.513448275862069}, "('low_signal', 12, 12)": {"increase_power": -0.8224113371620696, "decrease_power": 0, "increase_sf": 0, "decrease_sf": 0}, "('low_signal', 12, 10)": {"increase_power": 0, "decrease_power": 0, "increase_sf": -0.40848126232741616, "decrease_sf": 0}, "('low_signal', 11, 11)": {"increase_power": -0.30828448612739345, "decrease_power": 0, "increase_sf": 0, "decrease_sf": 0}, "('medium_signal', 15, 11)": {"increase_power": 0, "decrease_power": 0, "increase_sf": -0.7157924743443558, "decrease_sf": 0}}